user_id,first_name,last_name,phone,email,street,city,state,zip_code
1,Michaeline,Toffetto,,mtoffetto0@businessinsider.com,2355 Alpine Parkway,Minneapolis,Minnesota,55458
2,Nariko,Faughey,917 627 7080,nfaughey1@mapy.cz,7 Fremont Lane,New York City,New York,10280
3,Augustine,Ault,816 146 2189,aault2@google.ru,3828 Hayes Park,Kansas City,Missouri,64190
4,Eloise,Hugonneau,651 533 3944,ehugonneau3@accuweather.com,8 Dottie Street,Saint Paul,Minnesota,55188
5,Brockie,Vernham,410 716 7633,,2019 Ridgeview Junction,Laurel,Maryland,20709
6,Vivien,Renn,916 241 5512,vrenn5@nationalgeographic.com,6 American Junction,Sacramento,California,95828
7,Marrilee,Lowndsbrough,717 277 2786,,324 Monument Lane,Harrisburg,Pennsylvania,17105
8,Eugene,Folder,803 169 7329,efolder7@sun.com,5 Huxley Avenue,Columbia,South Carolina,29220
9,Omero,Goldingay,,ogoldingay8@go.com,6365 Gale Alley,Detroit,Michigan,48295
10,Conrade,Lydiard,,clydiard9@dedecms.com,56979 Spaight Park,Richmond,California,94807
11,Nikki,Fusedale,,nfusedalea@archive.org,296 Ludington Point,Oklahoma City,Oklahoma,73142
12,Chester,Kirkbride,651 524 8746,,67446 Almo Pass,Saint Paul,Minnesota,55188
13,Lincoln,Brearty,205 908 4321,lbreartyc@huffingtonpost.com,9052 Hanson Terrace,Tuscaloosa,Alabama,35487
14,Kailey,Sibbs,304 241 8082,ksibbsd@ifeng.com,7233 Blue Bill Park Street,Huntington,West Virginia,25770
15,Angelika,Sterry,909 807 5604,asterrye@github.com,1 Gerald Circle,San Bernardino,California,92405
16,Krissie,Peddar,415 483 9243,kpeddarf@ow.ly,17 Dixon Terrace,San Francisco,California,94164
17,Dan,Gorden,318 534 0969,dgordeng@digg.com,6453 Mcbride Way,Monroe,Louisiana,71213
18,Alexei,Craythorn,608 774 6581,,98 Miller Drive,Madison,Wisconsin,53779
19,Charity,Lourens,818 451 3662,,10496 Pennsylvania Way,Burbank,California,91520
20,David,Hornig,816 665 0184,,29 Claremont Avenue,Lees Summit,Missouri,64082
21,Scottie,Eddolls,678 950 6459,seddollsk@tripadvisor.com,5974 Fairfield Circle,Atlanta,Georgia,30323
22,Bethena,Godleman,415 803 9024,,73540 Mitchell Way,San Francisco,California,94116
23,Tanya,Lowth,612 713 3471,,56 Grover Pass,Minneapolis,Minnesota,55436
24,Camella,Rochester,718 803 5674,crochestern@studiopress.com,605 Union Point,New York City,New York,10024
25,Mathilda,Jiruch,254 828 2241,,904 Sunfield Street,Waco,Texas,76711
26,Adan,Bakhrushin,,abakhrushinp@mayoclinic.com,5 David Way,Chicago,Illinois,60614
27,Maia,Sebley,513 256 8721,,458 Gateway Place,Cincinnati,Ohio,45228
28,Leah,Dutchburn,801 554 1814,ldutchburnr@tuttocitta.it,9 Union Road,Salt Lake City,Utah,84110
29,Noble,Wadlow,,nwadlows@cargocollective.com,43 Gale Circle,Alexandria,Virginia,22313
30,Calli,Mickleborough,214 268 3591,cmickleborought@un.org,77203 Hudson Center,Dallas,Texas,75310
31,Brit,Lusk,859 260 3891,blusku@hud.gov,4 Eggendart Plaza,Lexington,Kentucky,40505
32,Christin,Dungate,419 523 2806,cdungatev@webeden.co.uk,3 Cascade Point,Toledo,Ohio,43635
33,Greer,Scoggin,571 961 3464,gscogginw@hhs.gov,1 Crownhardt Drive,Merrifield,Virginia,22119
34,Cecilia,Terrett,601 254 5538,cterrettx@umn.edu,6 Wayridge Terrace,Jackson,Mississippi,39236
35,Latrina,Woodstock,850 165 6670,,6 Dovetail Street,Pensacola,Florida,32505
36,Elianore,Smedmoor,504 943 9894,esmedmoorz@issuu.com,418 Becker Trail,New Orleans,Louisiana,70142
37,Aristotle,Morrid,480 963 9951,amorrid10@artisteer.com,86110 Mifflin Park,Scottsdale,Arizona,85271
38,Worth,Bartels-Ellis,803 924 6925,wbartelsellis11@oaic.gov.au,7 Mayfield Trail,Columbia,South Carolina,29220
39,Miller,Buttery,806 160 6360,mbuttery12@whitehouse.gov,5 Corry Crossing,Amarillo,Texas,79182
40,Crin,Leonida,,cleonida13@blogger.com,1 Onsgard Terrace,Baltimore,Maryland,21275
41,Mala,McGrady,,mmcgrady14@rambler.ru,2 Mandrake Parkway,Kalamazoo,Michigan,49048
42,Juline,Soden,949 320 9675,jsoden15@loc.gov,45907 Summit Center,Santa Clara,California,95054
43,Inglebert,Filinkov,330 916 3504,,19862 Independence Drive,Akron,Ohio,44315
44,Shaine,Spanton,717 307 3943,sspanton17@myspace.com,9 Mesta Place,Lancaster,Pennsylvania,17622
45,Mendel,Lark,212 886 6616,mlark18@baidu.com,66983 Hooker Place,New York City,New York,10110
46,Madge,Glinde,,mglinde19@imageshack.us,4 Corscot Alley,San Francisco,California,94132
47,Morlee,MacVanamy,,mmacvanamy1a@ucla.edu,699 Corben Pass,Memphis,Tennessee,38188
48,Donnajean,Bickerdyke,410 289 5803,dbickerdyke1b@tuttocitta.it,171 Dwight Plaza,Laurel,Maryland,20709
49,Nora,Gecks,719 894 5424,ngecks1c@g.co,8 Lillian Drive,Colorado Springs,Colorado,80905
50,Colleen,Niche,904 677 7490,cniche1d@dot.gov,7229 Utah Street,Jacksonville,Florida,32204
51,Danny,Wimbury,208 691 3746,dwimbury1e@google.co.uk,354 Westerfield Hill,Boise,Idaho,83711
52,Bealle,Gencke,,bgencke1f@digg.com,39809 Nancy Crossing,Albany,New York,12262
53,Selma,Mullaney,,,0 Linden Circle,El Paso,Texas,79968
54,Linus,Faraday,,lfaraday1h@quantcast.com,3 Veith Junction,Charlotte,North Carolina,28263
55,Giovanna,Lawrence,951 461 0882,glawrence1i@pen.io,504 Bluestem Junction,San Bernardino,California,92410
56,Marlon,Boylund,323 219 3274,mboylund1j@about.me,93 Katie Hill,Glendale,California,91205
57,Vi,Issakov,617 740 0808,,142 Laurel Court,Boston,Massachusetts,2203
58,Virgil,Brayne,206 617 8136,vbrayne1l@sourceforge.net,1314 Dorton Avenue,Seattle,Washington,98127
59,Kylie,Canham,806 926 2266,,5025 South Parkway,Amarillo,Texas,79171
60,Gavan,Rosenhaus,,,6 Schlimgen Pass,Jefferson City,Missouri,65105
61,Lauren,Hobell,480 660 0969,lhobell1o@prweb.com,6 Marcy Alley,Apache Junction,Arizona,85219
62,Egor,Brosel,702 739 2239,ebrosel1p@shareasale.com,382 Loomis Street,Las Vegas,Nevada,89135
63,Reuven,Hadingham,718 747 7890,,3999 Bobwhite Street,Bronx,New York,10459
64,Franky,Odney,915 435 1647,fodney1r@jiathis.com,35 Del Mar Plaza,El Paso,Texas,79940
65,Welbie,Cricket,646 616 7666,wcricket1s@soup.io,9176 Jenifer Trail,New York City,New York,10039
66,Miles,Huygens,,mhuygens1t@mediafire.com,20 Grover Point,Van Nuys,California,91499
67,Matilde,Kenford,,mkenford1u@addthis.com,00552 Meadow Ridge Drive,Jacksonville,Florida,32204
68,Lotty,Stickells,,lstickells1v@ow.ly,900 Carpenter Terrace,Philadelphia,Pennsylvania,19184
69,Mike,Van Driel,513 111 8240,mvandriel1w@spiegel.de,931 Old Shore Alley,Cincinnati,Ohio,45238
70,Addy,Doerr,202 738 2188,adoerr1x@cnn.com,06 Prentice Crossing,Washington,District of Columbia,20046
71,Tildi,Sheere,325 966 6803,,4 Northwestern Plaza,San Angelo,Texas,76905
72,Bobbie,Pitsall,727 112 6731,bpitsall1z@a8.net,0 Sachtjen Hill,Clearwater,Florida,34629
73,Beale,Hanniger,202 375 7554,bhanniger20@ocn.ne.jp,7682 Magdeline Pass,Washington,District of Columbia,20226
74,Mallissa,Jedrzejczak,,,83226 Dapin Pass,Peoria,Illinois,61635
75,Lee,Birnie,727 810 7448,,00 Orin Road,Clearwater,Florida,33763
76,Aland,Kupisz,509 568 0070,akupisz23@opensource.org,42 Golf Street,Spokane,Washington,99215
77,Egan,Jovicic,415 555 8579,,1 Sunfield Street,San Francisco,California,94159
78,Brittney,Boffin,682 104 7076,,45714 Melvin Lane,Fort Worth,Texas,76178
79,Pavlov,Stimson,212 416 1653,,8 Victoria Terrace,New York City,New York,10292
80,Aldrich,McPeeters,727 187 8930,,755 Ohio Terrace,Clearwater,Florida,34629
81,Christie,Parell,,,74894 Luster Street,Houston,Texas,77080
82,Brantley,Rogers,405 183 1462,brogers29@issuu.com,2 Crescent Oaks Street,Oklahoma City,Oklahoma,73114
83,Niall,Titford,717 791 1897,ntitford2a@last.fm,4 Gina Lane,Harrisburg,Pennsylvania,17140
84,Mandi,Veart,704 468 0809,mveart2b@w3.org,22984 Meadow Vale Pass,Charlotte,North Carolina,28289
85,Rollin,Swyne,,rswyne2c@naver.com,67 Butternut Drive,Mansfield,Ohio,44905
86,Mercy,Eloi,702 140 5710,,8430 Tony Terrace,Las Vegas,Nevada,89193
87,Adelle,Tetlow,,,0 Service Terrace,Concord,California,94522
88,Lenora,Ledamun,,,11329 6th Lane,Brooklyn,New York,11254
89,Kerstin,Eastup,210 840 5348,keastup2g@stumbleupon.com,7222 La Follette Center,San Antonio,Texas,78291
90,Juli,Headland,,jheadland2h@stanford.edu,467 Northport Place,Houston,Texas,77212
91,Engracia,Heindrick,,eheindrick2i@stumbleupon.com,3 Manley Way,Inglewood,California,90398
92,Kare,Fonzone,,kfonzone2j@wp.com,93 Onsgard Trail,Fort Lauderdale,Florida,33315
93,Skell,Wife,732 805 4538,swife2k@examiner.com,2 Miller Park,New Brunswick,New Jersey,8922
94,Sybille,Treend,,streend2l@harvard.edu,487 Old Shore Street,Charleston,West Virginia,25356
95,Blake,Mcasparan,304 566 0212,,1 Crest Line Street,Charleston,West Virginia,25389
96,Katerine,Weare,763 276 6114,kweare2n@youtu.be,4656 Hermina Junction,Minneapolis,Minnesota,55448
97,Wallis,Ziebart,414 564 8556,wziebart2o@tmall.com,41 Harbort Lane,Milwaukee,Wisconsin,53225
98,Kelsey,Striker,512 417 5646,kstriker2p@symantec.com,1333 Troy Lane,Austin,Texas,78754
99,Kriste,Haggish,310 496 5303,,262 Melvin Plaza,Los Angeles,California,90020
100,Mada,Sahnow,,msahnow2r@mozilla.com,6969 Hollow Ridge Trail,Saint Paul,Minnesota,55115
101,Jaine,Laidler,,jlaidler2s@drupal.org,94 Thompson Lane,Charleston,West Virginia,25336
102,Nealson,Veall,,nveall2t@ocn.ne.jp,29 Schiller Street,Louisville,Kentucky,40256
103,Jere,Alywen,786 430 5305,jalywen2u@dyndns.org,04954 Sycamore Street,Miami,Florida,33190
104,Jocelin,Toolin,,,08 Cherokee Junction,Tallahassee,Florida,32309
105,Ashla,Bisatt,304 958 5510,,53 Glendale Point,Charleston,West Virginia,25313
106,Rawley,Beauman,646 502 4828,rbeauman2x@spiegel.de,0 Lillian Lane,New York City,New York,10034
107,Bennie,Hune,937 272 7398,bhune2y@msn.com,4697 2nd Park,Hamilton,Ohio,45020
108,Kalil,Davidsen,517 423 3865,kdavidsen2z@github.com,19 Glacier Hill Parkway,Lansing,Michigan,48919
109,Mariann,Blackhall,719 250 0092,,0390 Coleman Hill,Colorado Springs,Colorado,80920
110,Dorella,Boustred,314 127 4822,dboustred31@alibaba.com,69261 Elgar Junction,Saint Louis,Missouri,63136
111,Steffane,Barrowcliffe,915 977 1746,sbarrowcliffe32@ibm.com,49225 Lunder Point,El Paso,Texas,79999
112,Arni,Sorrell,202 410 6431,asorrell33@sun.com,6671 Center Center,Washington,District of Columbia,20022
113,Shalne,Ornells,530 889 9958,sornells34@gmpg.org,29 Browning Road,South Lake Tahoe,California,96154
114,Niki,Bass,,nbass35@hc360.com,3947 Sachtjen Lane,Roanoke,Virginia,24040
115,Den,Fasson,305 138 1872,dfasson36@bing.com,75042 Scott Parkway,Miami,Florida,33185
116,Sally,Clooney,479 210 6508,,194 Northfield Road,Fort Smith,Arkansas,72905
117,Ferris,Mepham,918 777 3611,fmepham38@csmonitor.com,68 Pearson Avenue,Tulsa,Oklahoma,74103
118,Durand,McRuvie,408 353 5840,dmcruvie39@businesswire.com,630 Mallard Plaza,San Jose,California,95123
119,Pieter,Blofeld,513 668 5537,pblofeld3a@about.me,599 Pennsylvania Hill,Cincinnati,Ohio,45228
120,Alejandra,Minard,,,2 Declaration Center,Athens,Georgia,30605
121,Orland,Tynemouth,,otynemouth3c@nifty.com,6 Northport Point,Houston,Texas,77293
122,Truman,Russan,714 207 0526,trussan3d@army.mil,617 Gerald Street,Garden Grove,California,92645
123,Dari,Collcott,,dcollcott3e@washington.edu,67590 Lyons Street,Columbus,Ohio,43204
124,Barclay,Phalp,954 409 4173,bphalp3f@google.com.hk,287 Shasta Trail,Boca Raton,Florida,33432
125,Amil,Subhan,571 838 6629,asubhan3g@apache.org,03 Waubesa Pass,Alexandria,Virginia,22313
126,Christy,Poynor,,cpoynor3h@parallels.com,66 Hintze Lane,Trenton,New Jersey,8603
127,Arther,Dannell,518 463 5394,adannell3i@spiegel.de,3035 Bashford Place,Schenectady,New York,12305
128,Hallie,Folkard,410 747 6792,hfolkard3j@tinyurl.com,62 Pine View Drive,Ridgely,Maryland,21684
129,Evelin,Paviour,713 844 4815,epaviour3k@wordpress.org,8033 Ohio Trail,Houston,Texas,77228
130,Darice,Liccardi,,,76 Blue Bill Park Parkway,Santa Monica,California,90405
131,Nissa,Thursfield,,,23 Chive Court,Washington,District of Columbia,20456
132,Pepe,Serjeant,205 542 4948,pserjeant3n@ftc.gov,510 Upham Alley,Birmingham,Alabama,35236
133,Cooper,Goldwater,,,9541 Sommers Center,Little Rock,Arkansas,72209
134,Reinaldo,Swainger,,rswainger3p@comcast.net,89135 Butternut Parkway,Albany,New York,12237
135,Leicester,Pescud,859 669 8743,,6 Fallview Pass,Lexington,Kentucky,40586
136,Tobi,Quakley,202 510 2132,tquakley3r@altervista.org,1 Sunfield Junction,Washington,District of Columbia,20557
137,Kipp,Langstone,309 897 6544,klangstone3s@paypal.com,7485 Canary Way,Carol Stream,Illinois,60158
138,Caroline,Poytres,585 388 5884,cpoytres3t@wunderground.com,06090 Randy Park,Rochester,New York,14683
139,Rena,Vedntyev,410 166 4743,rvedntyev3u@dagondesign.com,3 Prairieview Circle,Ridgely,Maryland,21684
140,Henderson,L' Estrange,216 974 8084,hlestrange3v@oracle.com,517 Buell Parkway,Cleveland,Ohio,44191
141,Keven,Olrenshaw,316 385 0097,kolrenshaw3w@taobao.com,46 Gateway Junction,Wichita,Kansas,67210
142,Alfredo,Stead,478 644 4578,astead3x@wsj.com,3 Anniversary Trail,Macon,Georgia,31210
143,Selina,Lamboll,405 901 9221,,3362 Pierstorff Drive,Oklahoma City,Oklahoma,73129
144,Ofilia,Ivashin,,,728 Huxley Center,Detroit,Michigan,48258
145,Timothy,Lorkin,941 848 7580,tlorkin40@wikispaces.com,672 Di Loreto Alley,Bonita Springs,Florida,34135
146,Nolie,Klee,,nklee41@delicious.com,299 Dovetail Lane,Nashville,Tennessee,37228
147,Stephine,Francom,712 576 6522,,33 Commercial Road,Sioux City,Iowa,51105
148,Anallese,Orrey,304 782 8190,aorrey43@shinystat.com,21127 Bunker Hill Way,Huntington,West Virginia,25711
149,Niall,MacKnockiter,,nmacknockiter44@vinaora.com,73 Elmside Plaza,Tuscaloosa,Alabama,35405
150,Blake,Oleszkiewicz,,boleszkiewicz45@goo.ne.jp,8488 Scoville Place,Lakeland,Florida,33805
151,Shandra,Jeskin,805 349 2081,sjeskin46@webs.com,8549 Thompson Drive,Santa Barbara,California,93150
152,Armin,Simmans,,asimmans47@howstuffworks.com,6 Mosinee Place,El Paso,Texas,79911
153,Josefina,Wilden,773 418 3782,jwilden48@opensource.org,63 Cardinal Circle,Chicago,Illinois,60614
154,Bliss,Cleever,760 754 8679,bcleever49@gizmodo.com,0178 Sage Point,Oceanside,California,92056
155,Sherwin,Claypoole,,sclaypoole4a@networkadvertising.org,9739 Victoria Crossing,Raleigh,North Carolina,27605
156,Shem,Guilloux,,,6 Stuart Alley,Anniston,Alabama,36205
157,Cynthie,Attride,754 942 4186,cattride4c@lycos.com,017 Waywood Road,Fort Lauderdale,Florida,33345
158,Karyn,Potteril,619 548 7787,,810 Washington Way,San Diego,California,92165
159,Knox,Bereford,423 787 1667,kbereford4e@china.com.cn,8 Graedel Pass,Chattanooga,Tennessee,37416
160,Judd,Escritt,225 109 5442,,42949 Reinke Street,Baton Rouge,Louisiana,70836
161,Sidnee,Giles,305 478 0279,sgiles4g@mozilla.com,6491 Wayridge Court,Miami,Florida,33158
162,Doloritas,McGeffen,816 979 3981,dmcgeffen4h@mlb.com,066 Grim Circle,Kansas City,Missouri,64187
163,Deena,Britzius,310 427 6170,,95546 Redwing Circle,Los Angeles,California,90005
164,Aida,O' Connell,,aoconnell4j@zdnet.com,554 Amoth Lane,Silver Spring,Maryland,20904
165,Irving,Ace,501 254 2437,iace4k@ifeng.com,2 Goodland Place,Little Rock,Arkansas,72222
166,Wake,Abdey,414 239 2053,wabdey4l@dyndns.org,4827 Bonner Pass,Milwaukee,Wisconsin,53285
167,Ediva,Inkpen,202 835 2540,,787 Swallow Pass,Washington,District of Columbia,20244
168,Vinnie,Tonna,,vtonna4n@free.fr,66 Village Junction,Washington,District of Columbia,20226
169,Mindy,Partkya,701 941 6789,,45309 Mcguire Parkway,Bismarck,North Dakota,58505
170,Hannah,Ferrara,503 187 9800,,99 Lotheville Lane,Portland,Oregon,97296
171,Martita,Gaber,843 586 5281,mgaber4q@paginegialle.it,737 Mandrake Avenue,Charleston,South Carolina,29416
172,Briano,Marikhin,,bmarikhin4r@spotify.com,09 Vermont Parkway,Colorado Springs,Colorado,80940
173,Randy,Becks,317 788 2366,rbecks4s@indiatimes.com,383 Merchant Hill,Indianapolis,Indiana,46226
174,Billie,Sylvester,713 333 9972,bsylvester4t@wikispaces.com,534 Dapin Place,Houston,Texas,77266
175,Lesli,Screeton,,lscreeton4u@ucoz.com,1 Pawling Way,Orlando,Florida,32803
176,Caleb,Castanone,608 260 0207,ccastanone4v@sun.com,4 Scoville Point,Madison,Wisconsin,53726
177,Udell,Weadick,,uweadick4w@intel.com,261 Johnson Avenue,Washington,District of Columbia,20470
178,Kata,Longmaid,501 507 4865,klongmaid4x@aboutads.info,6 Schiller Alley,Little Rock,Arkansas,72215
179,Emylee,Jeanin,305 766 2478,ejeanin4y@walmart.com,3401 Dorton Court,Miami Beach,Florida,33141
180,Feliks,Folliss,760 751 5803,,647 Myrtle Pass,Carlsbad,California,92013
181,Nelli,Dungey,,,94 Eagan Street,Norfolk,Virginia,23514
182,Goldina,Coghill,478 621 2069,,0 Pearson Drive,Macon,Georgia,31296
183,Hattie,Candlin,,hcandlin52@statcounter.com,0 Hooker Crossing,San Diego,California,92105
184,Wynne,Bagshaw,816 504 3045,wbagshaw53@geocities.com,0453 Michigan Trail,Kansas City,Missouri,64144
185,Orelle,Simoneau,,osimoneau54@mozilla.org,6094 Portage Plaza,Kingsport,Tennessee,37665
186,Jeramey,Blaker,806 462 4425,jblaker55@msu.edu,50 Sloan Place,Lubbock,Texas,79491
187,Aharon,Banton,951 517 9308,abanton56@woothemes.com,487 Bartelt Plaza,Riverside,California,92513
188,Davine,Sallinger,804 143 9884,,1577 Dakota Way,Richmond,Virginia,23208
189,Vida,Sikorski,713 990 3035,vsikorski58@com.com,9170 Forest Center,Houston,Texas,77271
190,Hilario,Lazare,702 954 4306,hlazare59@yahoo.com,739 Amoth Park,Las Vegas,Nevada,89120
191,Casey,Gregory,,,65999 Nova Court,Milwaukee,Wisconsin,53263
192,Onfre,Morrice,805 227 9230,omorrice5b@imageshack.us,42118 John Wall Way,San Mateo,California,94405
193,Veronika,Pettifer,,,5 Meadow Valley Plaza,Charleston,West Virginia,25331
194,Stesha,Bradder,813 899 1707,,80766 Sullivan Pass,Tampa,Florida,33686
195,Tull,Faughny,,,645 Westerfield Alley,Huntington,West Virginia,25721
196,Will,Duligal,617 537 6843,wduligal5f@tinypic.com,9559 Corscot Court,Boston,Massachusetts,2163
197,Rabi,Clampe,407 855 0156,rclampe5g@nytimes.com,464 Lighthouse Bay Park,Orlando,Florida,32813
198,Essa,McKleod,856 933 3989,emckleod5h@histats.com,6898 Walton Point,Camden,New Jersey,8104
199,Adaline,Cassley,,acassley5i@shop-pro.jp,33 Steensland Way,Raleigh,North Carolina,27605
200,Frederique,Massimi,281 269 4923,,75 Clemons Street,Houston,Texas,77055
201,Berti,Blaymires,585 604 1467,,06730 Tennessee Drive,Rochester,New York,14646
202,Leona,Dimitriev,,ldimitriev5l@examiner.com,38394 Clarendon Center,Charlotte,North Carolina,28247
203,Devinne,Hulbert,702 343 4574,dhulbert5m@stanford.edu,166 Scoville Center,Las Vegas,Nevada,89125
204,Sybila,Slinger,,,2 Erie Drive,Montpelier,Vermont,5609
205,Wait,Weippert,913 570 2076,wweippert5o@cnet.com,763 Merchant Street,Shawnee Mission,Kansas,66215
206,Gus,Symper,713 249 5429,,22 Burning Wood Place,Houston,Texas,77080
207,Esme,Deme,,,8 Esker Alley,Gilbert,Arizona,85297
208,Donelle,McQuode,801 356 5414,,78377 Declaration Terrace,Salt Lake City,Utah,84145
209,Caitlin,Thormwell,,,5 Nova Lane,San Antonio,Texas,78205
210,Oralia,Nettleship,,onettleship5t@bluehost.com,60 Merrick Drive,South Bend,Indiana,46614
211,Deloris,Soot,916 104 8126,,3 Lindbergh Court,Sacramento,California,94297
212,Slade,Roby,323 905 6665,sroby5v@cisco.com,1708 Meadow Valley Park,Pasadena,California,91103
213,Ichabod,McQuirter,831 447 0449,imcquirter5w@myspace.com,8 Straubel Way,Santa Cruz,California,95064
214,Maegan,D' Angelo,702 168 0456,,767 Vera Trail,Henderson,Nevada,89012
215,Torr,Galton,,tgalton5y@comcast.net,9 Rieder Alley,New York City,New York,10090
216,Isacco,Fryer,719 879 3058,,7 Clyde Gallagher Center,Pueblo,Colorado,81015
217,Victor,Oblein,404 888 5216,,848 Anthes Avenue,Atlanta,Georgia,30358
218,Penny,Heijne,619 136 3938,pheijne61@arstechnica.com,14 Stephen Point,Chula Vista,California,91913
219,Lazarus,Baysting,,lbaysting62@sbwire.com,7 Eagle Crest Plaza,Kissimmee,Florida,34745
220,Mercie,Scarce,757 411 8006,mscarce63@networksolutions.com,79450 Kings Center,Hampton,Virginia,23668
221,Brion,Madden,,,05208 Manitowish Street,Oakland,California,94605
222,Petronia,Amort,214 935 4920,pamort65@spotify.com,53969 Novick Terrace,Irving,Texas,75037
223,Tonnie,Seville,816 736 1456,,8351 Katie Alley,Shawnee Mission,Kansas,66205
224,Lusa,Devennie,407 393 9619,,3038 Badeau Park,Orlando,Florida,32825
225,Marisa,Gartside,320 797 7823,mgartside68@alexa.com,7 Bellgrove Circle,Saint Cloud,Minnesota,56398
226,Aguistin,Tonbridge,609 192 2281,atonbridge69@gnu.org,46614 Burning Wood Alley,Trenton,New Jersey,8603
227,Ricardo,Dalliwater,405 926 7637,rdalliwater6a@xinhuanet.com,401 Autumn Leaf Court,Oklahoma City,Oklahoma,73104
228,Concettina,Hobben,,,9211 Elgar Parkway,Denver,Colorado,80223
229,Elena,Dillintone,515 640 4564,edillintone6c@bigcartel.com,4 Talisman Parkway,Des Moines,Iowa,50936
230,Juliette,Chiese,571 101 8802,,88354 Mandrake Court,Arlington,Virginia,22234
231,Sharona,Turfin,,,19158 Fuller Place,Saint Paul,Minnesota,55127
232,Ignace,Drewett,,,5483 Quincy Center,Humble,Texas,77346
233,Chrissy,De Giorgi,478 276 6866,,1193 Morrow Drive,Macon,Georgia,31210
234,Genvieve,Cowser,,gcowser6h@washingtonpost.com,83819 Macpherson Hill,Pasadena,California,91117
235,Lauri,Huckleby,309 988 9628,lhuckleby6i@sfgate.com,7 Warner Place,Carol Stream,Illinois,60351
236,Mildred,Dupoy,,mdupoy6j@fema.gov,97434 Anderson Crossing,Jackson,Mississippi,39282
237,Hew,Gilphillan,805 685 9786,hgilphillan6k@digg.com,871 Trailsway Plaza,Oxnard,California,93034
238,Chloette,Heald,,,976 Sage Street,San Antonio,Texas,78240
239,Aldridge,Woolaghan,651 476 3602,awoolaghan6m@java.com,23 Utah Hill,Saint Paul,Minnesota,55172
240,Niven,Roaf,,,602 Bluestem Court,Hollywood,Florida,33028
241,Ashly,Paulig,806 436 3460,apaulig6o@google.nl,12421 Atwood Court,Amarillo,Texas,79171
242,Bron,Biagioni,818 374 3654,,5785 Crescent Oaks Point,Glendale,California,91210
243,Louie,Davoren,,ldavoren6q@dropbox.com,5 Aberg Terrace,Greensboro,North Carolina,27455
244,Lon,Zamorrano,813 252 9995,lzamorrano6r@washingtonpost.com,2852 Scott Point,Tampa,Florida,33633
245,Fanechka,Meneyer,512 919 0837,fmeneyer6s@yale.edu,4302 Buhler Pass,Austin,Texas,78789
246,Nikita,Tofful,801 424 3702,ntofful6t@studiopress.com,49 Lotheville Parkway,Salt Lake City,Utah,84135
247,Jules,McDugal,410 153 5600,,548 Golf Junction,Ridgely,Maryland,21684
248,Simonette,Allso,205 421 5299,,82020 Jenifer Circle,Birmingham,Alabama,35285
249,Jodi,Felstead,973 653 7290,jfelstead6w@reverbnation.com,4947 Delladonna Lane,Newark,New Jersey,7112
250,Marietta,Cudmore,919 312 1271,mcudmore6x@delicious.com,56 Harbort Street,Durham,North Carolina,27710
