Name,Last_Name,Email,Address,Phone_Number
Gris,Dillintone,gdillintone0@1688.com,8445 Warner Court,316 Atwood Place
Agnese,Barkley,abarkley1@forbes.com,802 Michigan Junction,94083 Pierstorff Street
Cammy,Dulinty,cdulinty2@booking.com,534 Veith Place,4646 Graceland Terrace
Sonnie,Hartmann,shartmann3@kickstarter.com,043 Jenifer Crossing,14659 Hollow Ridge Junction
Kandy,Crowcum,kcrowcum4@nsw.gov.au,8 Warner Crossing,7 Oakridge Center
Ric,Balnaves,rbalnaves5@icq.com,58731 Cottonwood Lane,56 Macpherson Trail
Edy,Glasscoe,eglasscoe6@java.com,29123 8th Drive,899 Village Point
Lil,Cleugher,lcleugher7@unesco.org,858 Crowley Pass,384 Hagan Plaza
Erminie,Mattiassi,emattiassi8@4shared.com,6497 Ramsey Point,8 Gina Point
Obidiah,Twohig,otwohig9@wired.com,18071 Harper Avenue,630 Merry Trail
Barty,Washbrook,bwashbrooka@alexa.com,2 Mayfield Alley,2183 Golden Leaf Junction
Judon,Wudeland,jwudelandb@examiner.com,05318 Del Sol Way,8495 Eagle Crest Lane
Blair,O'Lagene,bolagenec@google.com.au,9 Cambridge Place,0 Russell Lane
Deina,Dyzart,ddyzartd@economist.com,49 Oakridge Trail,4906 Pearson Road
Nevil,Calverd,ncalverde@si.edu,628 Comanche Street,60 Eggendart Parkway
Austina,Raftery,arafteryf@mail.ru,659 Continental Crossing,480 Hanover Terrace
Wynnie,Cecere,wcecereg@ox.ac.uk,0216 Division Park,67 Bashford Trail
Bartel,Furst,bfursth@homestead.com,027 Anderson Parkway,0 Algoma Trail
Nolan,Battle,nbattlei@cdc.gov,2 Aberg Court,9 Pennsylvania Lane
Jone,Beasleigh,jbeasleighj@edublogs.org,70 Longview Street,544 Grayhawk Park
Daisie,Runham,drunhamk@latimes.com,8185 Longview Pass,64 Mandrake Road
Nanice,Bellows,nbellowsl@seattletimes.com,43612 Manitowish Street,4101 Clove Terrace
Arel,McCoole,amccoolem@webmd.com,67930 Erie Point,93 Almo Way
Kinny,Knellen,kknellenn@sphinn.com,109 Valley Edge Plaza,9417 Dryden Place
Berna,Anderl,banderlo@webeden.co.uk,9 Loeprich Pass,329 Clyde Gallagher Plaza
Harrison,Walasik,hwalasikp@rakuten.co.jp,521 Anderson Trail,793 Orin Crossing
Carlos,Matovic,cmatovicq@phoca.cz,9129 Westerfield Avenue,89024 Del Mar Park
Richmound,Daldan,rdaldanr@about.me,6014 Dexter Road,56536 Warner Hill
Jone,Signoret,jsignorets@adobe.com,3932 Oak Valley Point,4655 Portage Trail
Leontyne,Marcroft,lmarcroftt@ustream.tv,8494 Saint Paul Parkway,52567 Fairview Way
Ashlen,Severwright,aseverwrightu@wordpress.com,493 Artisan Terrace,57 Rigney Street
Jacqui,Wenzel,jwenzelv@t.co,6810 Holy Cross Place,64726 Gina Hill
Evangeline,Thompstone,ethompstonew@guardian.co.uk,0 Sauthoff Street,536 Clove Circle
Harriott,Billborough,hbillboroughx@xing.com,93289 Red Cloud Way,22199 Springs Circle
Norri,Silverthorne,nsilverthorney@histats.com,725 Onsgard Drive,44976 Ridge Oak Crossing
Nappie,Etoile,netoilez@apple.com,09690 Coleman Circle,94 Donald Circle
Eda,Battell,ebattell10@unesco.org,0327 Susan Plaza,45400 Moland Lane
Rodrick,Bragginton,rbragginton11@irs.gov,9 Esch Point,03059 Utah Crossing
Mort,Ivons,mivons12@drupal.org,79718 Sachtjen Junction,4 Maple Wood Place
Sosanna,Yegoshin,syegoshin13@parallels.com,1 Forest Avenue,99 Nelson Parkway
Petr,Soloway,psoloway14@ustream.tv,3 Dapin Terrace,7724 Vidon Street
Jane,Sives,jsives15@weibo.com,1343 Rigney Street,7598 Riverside Terrace
Muhammad,Mantram,mmantram16@house.gov,35184 Melrose Center,774 Donald Plaza
Mag,Halkyard,mhalkyard17@smh.com.au,87303 Ridgeway Hill,66 Larry Parkway
Aili,Richt,aricht18@naver.com,3507 Oxford Drive,95946 Bunting Lane
Toma,Willcott,twillcott19@jugem.jp,48 Brentwood Road,91267 Summit Parkway
Ber,Perigoe,bperigoe1a@etsy.com,912 Crescent Oaks Lane,197 Bultman Pass
Leeanne,Sallis,lsallis1b@shinystat.com,55 Paget Terrace,7413 Sage Hill
Nanine,O'Neill,noneill1c@bravesites.com,006 Namekagon Place,92357 Del Mar Court
Codee,de Zamora,cdezamora1d@ehow.com,25660 Goodland Center,03645 Dawn Avenue
Delila,Bernardoux,dbernardoux1e@sphinn.com,9 Donald Street,02 Susan Court
Margarette,Saiger,msaiger1f@forbes.com,02653 Mitchell Hill,790 Bunker Hill Place
Sherwin,Davison,sdavison1g@samsung.com,1240 Sycamore Center,6 Hauk Crossing
Margarete,Lavery,mlavery1h@odnoklassniki.ru,8059 Sunfield Point,77659 Crest Line Way
Oberon,Saice,osaice1i@sciencedaily.com,299 Washington Lane,1 Heath Way
Fiorenze,Fruin,ffruin1j@wikispaces.com,10 Randy Center,39 Ilene Road
Carolyn,Gudahy,cgudahy1k@netlog.com,8 Kipling Place,014 Maple Wood Drive
Debbie,McNamee,dmcnamee1l@fda.gov,98727 Crowley Lane,84753 Grayhawk Point
Olympe,Demaine,odemaine1m@wikipedia.org,2 Thompson Point,6 Arapahoe Court
Yorgos,Maffezzoli,ymaffezzoli1n@home.pl,873 Canary Pass,2520 Blue Bill Park Drive
Felice,Child,fchild1o@bbb.org,171 Dayton Terrace,7731 Surrey Crossing
Earvin,Wenham,ewenham1p@wordpress.org,15698 Straubel Avenue,4637 Drewry Way
Randy,Bew,rbew1q@mac.com,008 Golden Leaf Way,7475 Brentwood Hill
Marlow,Berkelay,mberkelay1r@discuz.net,0418 Golf Course Pass,7 Del Sol Plaza
Hyman,Berryann,hberryann1s@canalblog.com,171 Dixon Place,1014 Corry Plaza
Jonas,Rockhill,jrockhill1t@cnn.com,88398 Sommers Street,959 Fairfield Terrace
Merilyn,Bembrigg,mbembrigg1u@yellowbook.com,13040 Superior Road,027 Merchant Avenue
Arthur,Castagnone,acastagnone1v@parallels.com,1588 Delladonna Drive,7242 Forster Circle
Valencia,Erdes,verdes1w@artisteer.com,452 Kropf Plaza,93918 Charing Cross Pass
Corella,Sallings,csallings1x@harvard.edu,315 Everett Parkway,40947 Haas Crossing
Ursa,Gorbell,ugorbell1y@bbb.org,5840 Jenna Avenue,17 Clemons Drive
Melvyn,Rollin,mrollin1z@soundcloud.com,42192 Anhalt Road,524 North Park
Jorry,Gebhard,jgebhard20@independent.co.uk,02132 Butternut Street,1243 Comanche Alley
Gui,Macilhench,gmacilhench21@theatlantic.com,3055 Pankratz Point,4454 Glendale Avenue
Kiley,Jahns,kjahns22@ucsd.edu,5 Green Ridge Lane,00649 Dexter Circle
Tadio,Loosely,tloosely23@ifeng.com,702 Mcbride Terrace,2 Mayer Street
Elinore,Ding,eding24@deviantart.com,3749 Porter Court,01 Westridge Trail
Sam,Evennett,sevennett25@lulu.com,09 Ridge Oak Court,6 Pond Terrace
Ashil,Oddboy,aoddboy26@gravatar.com,532 Briar Crest Court,390 Mesta Point
Herrick,Moffett,hmoffett27@youku.com,310 Stoughton Alley,8 Maryland Way
Agnese,Rodolf,arodolf28@amazon.co.uk,53063 Reinke Circle,1 Victoria Point
Luisa,Woodus,lwoodus29@un.org,90685 Valley Edge Road,505 Service Drive
Rozina,Whitsey,rwhitsey2a@trellian.com,78 Lien Crossing,319 Walton Lane
Del,Sibille,dsibille2b@uiuc.edu,11 Southridge Avenue,847 Derek Circle
Xymenes,La Padula,xlapadula2c@altervista.org,82542 Loeprich Road,919 Portage Street
Patricia,Nibley,pnibley2d@ocn.ne.jp,0 Badeau Circle,971 Larry Road
Ursa,Berkeley,uberkeley2e@mashable.com,54669 Melvin Terrace,78 Walton Plaza
Florri,Pawlick,fpawlick2f@taobao.com,81 Caliangt Road,1985 Sunbrook Plaza
Kara-lynn,Troughton,ktroughton2g@nhs.uk,299 Pierstorff Road,6490 Duke Junction
Buckie,Minney,bminney2h@pen.io,1 Center Plaza,213 Bunting Parkway
Brittan,Pietesch,bpietesch2i@hugedomains.com,83364 Maple Wood Plaza,99 Bobwhite Place
Allsun,Goodlake,agoodlake2j@google.co.jp,876 Badeau Hill,6 Lakeland Terrace
David,Upstell,dupstell2k@prnewswire.com,7380 Vahlen Avenue,5 Quincy Lane
Lucretia,Babon,lbabon2l@utexas.edu,377 Sage Road,10202 Ridgeview Junction
Avigdor,Megson,amegson2m@webs.com,078 Ridgeway Circle,84514 Bobwhite Place
Mitchel,Couves,mcouves2n@patch.com,0 Harper Plaza,01 Hayes Avenue
Quincey,Garside,qgarside2o@umich.edu,6 Rigney Street,0 Jenifer Junction
Rebbecca,Nickerson,rnickerson2p@tripod.com,512 Barby Hill,9527 Autumn Leaf Avenue
Jobey,Braiden,jbraiden2q@intel.com,20697 Delladonna Plaza,695 Fieldstone Hill
Sayers,Andrei,sandrei2r@bloomberg.com,6559 Debs Avenue,059 Twin Pines Road
Jinny,Fleming,jfleming2s@flickr.com,25444 Darwin Place,0 Helena Avenue
Mohammed,Heifer,mheifer2t@imgur.com,5 Armistice Plaza,3137 Haas Road
Suzie,Linde,slinde2u@eventbrite.com,5 Susan Trail,02 Daystar Point
Dani,Farnfield,dfarnfield2v@netscape.com,1873 Namekagon Plaza,18 Schlimgen Junction
Felice,Mitchelmore,fmitchelmore2w@flavors.me,286 Toban Terrace,89069 Mccormick Circle
Elvyn,Cassey,ecassey2x@amazon.de,10 Melvin Crossing,9 Pearson Pass
Bamby,Cuolahan,bcuolahan2y@chron.com,9416 Prairie Rose Point,7743 Reindahl Road
Liliane,Crudginton,lcrudginton2z@globo.com,276 Lawn Alley,423 Ridge Oak Terrace
Farand,Cotsford,fcotsford30@sbwire.com,11823 South Hill,65 Mesta Way
Gifford,Despenser,gdespenser31@is.gd,338 Vidon Circle,1312 Merry Crossing
Sheree,La Croce,slacroce32@nba.com,88782 Fairview Parkway,7 Hintze Place
Enrique,Gheraldi,egheraldi33@deviantart.com,722 Crest Line Street,09 Dixon Court
Chandal,Tulley,ctulley34@irs.gov,42231 Kings Crossing,9 Lien Junction
Roseanna,Chitty,rchitty35@wordpress.com,70430 Hoard Trail,92209 Swallow Crossing
Wally,Wimes,wwimes36@pbs.org,63312 Bartelt Street,06 Namekagon Junction
Abbi,McIlvoray,amcilvoray37@jugem.jp,5 Jackson Point,39 Barnett Junction
Tomas,Glendza,tglendza38@blogs.com,02211 Texas Parkway,313 Upham Avenue
Rochella,Paish,rpaish39@exblog.jp,75 Coolidge Drive,64976 Grover Lane
Cody,Flemmich,cflemmich3a@addtoany.com,0 Pennsylvania Parkway,91354 Golf Course Way
Leupold,Petri,lpetri3b@instagram.com,1132 Holy Cross Junction,8654 Park Meadow Street
Tabbie,Charrisson,tcharrisson3c@scientificamerican.com,9119 Starling Pass,91 Oak Road
Gabbie,Lilly,glilly3d@prnewswire.com,1 Aberg Park,3316 Namekagon Trail
Giusto,Snaden,gsnaden3e@prlog.org,76936 Green Ridge Terrace,22192 Mandrake Junction
Donn,Graundisson,dgraundisson3f@bravesites.com,87483 Morrow Street,7 3rd Crossing
Brent,Oldford,boldford3g@washingtonpost.com,0 Clove Park,48 Petterle Circle
Nicolas,Kirman,nkirman3h@i2i.jp,900 Little Fleur Lane,68883 Rusk Road
Crichton,Oxherd,coxherd3i@dropbox.com,24534 Fuller Park,49907 Montana Parkway
Barbette,Aveson,baveson3j@com.com,989 Montana Alley,5661 Sutteridge Trail
Torin,Snape,tsnape3k@amazon.com,9112 Melody Court,9974 Muir Alley
Zsazsa,Aronow,zaronow3l@indiegogo.com,13 Forest Junction,4644 Bluejay Circle
Maribel,Verduin,mverduin3m@opensource.org,8862 Pleasure Terrace,19052 Schlimgen Road
Allison,Bakhrushkin,abakhrushkin3n@nature.com,335 Village Green Trail,84901 Brown Point
Nolana,Strawbridge,nstrawbridge3o@chicagotribune.com,985 Dottie Point,868 Lakewood Gardens Lane
Thoma,Harriss,tharriss3p@hubpages.com,2 Surrey Plaza,950 Corry Avenue
Bevan,Bantham,bbantham3q@diigo.com,646 Pawling Plaza,8133 Golf Course Drive
Peggie,Shegog,pshegog3r@java.com,8952 Hintze Hill,41 Jackson Hill
Fielding,Fackney,ffackney3s@cdc.gov,71 East Trail,31314 Kropf Alley
Dallon,Shepton,dshepton3t@unesco.org,37 Fairfield Court,15 Barnett Way
Atlante,Stag,astag3u@bigcartel.com,74 Tennessee Lane,2 Forest Terrace
Daphene,Radden,dradden3v@ebay.co.uk,92830 Village Green Court,7261 Holmberg Center
Carmelia,Salleir,csalleir3w@boston.com,02810 Warrior Alley,74201 Independence Road
Aleece,Belloch,abelloch3x@geocities.jp,7820 Bunting Terrace,98920 Bay Drive
Bastien,Puddephatt,bpuddephatt3y@biglobe.ne.jp,4 Mosinee Way,13 Hagan Way
Mab,Lauret,mlauret3z@drupal.org,24239 Vidon Court,9 Buell Trail
Cordelia,Pannett,cpannett40@zdnet.com,049 Autumn Leaf Drive,44843 Meadow Valley Park
Merrie,Zanetto,mzanetto41@addthis.com,4 Pine View Road,706 Buena Vista Terrace
Janean,Weale,jweale42@home.pl,7 Clarendon Circle,10 Monica Parkway
Susan,Struijs,sstruijs43@arizona.edu,6 Division Street,5 Scofield Pass
Pauly,Gepp,pgepp44@deviantart.com,2 Starling Way,69 Quincy Circle
Basil,Petruk,bpetruk45@artisteer.com,335 Forest Dale Avenue,09052 Miller Trail
Zerk,Schreiner,zschreiner46@webnode.com,29594 Kingsford Drive,8697 Delaware Lane
Salomi,Bundock,sbundock47@cpanel.net,5 Burning Wood Circle,071 Farmco Lane
Essy,Monument,emonument48@jigsy.com,458 North Terrace,63499 Marquette Hill
Rubetta,Raubenheimers,rraubenheimers49@zimbio.com,813 Westend Way,586 Heffernan Crossing
Audy,Lathleiff,alathleiff4a@google.it,0 Grasskamp Crossing,14275 Rowland Park
Jerri,Keiley,jkeiley4b@4shared.com,218 Cordelia Street,2837 Homewood Circle
Shirlee,Juara,sjuara4c@bing.com,708 High Crossing Terrace,00075 Red Cloud Circle
Ray,Peregrine,rperegrine4d@printfriendly.com,105 Corry Drive,196 Meadow Vale Court
Samantha,Harnett,sharnett4e@printfriendly.com,57 Novick Plaza,5057 Lakewood Point
Kissee,Brittle,kbrittle4f@wsj.com,80 Pennsylvania Lane,792 Anhalt Park
Ozzy,Pharro,opharro4g@comsenz.com,223 Reinke Place,65 Sachtjen Junction
Felita,Yu,fyu4h@microsoft.com,634 Bultman Trail,1269 Mccormick Hill
Astrix,Wetton,awetton4i@cnet.com,7 Glacier Hill Lane,8 Tomscot Court
Lebbie,Bernardoux,lbernardoux4j@nba.com,45 Fremont Street,683 East Plaza
Lara,Heasly,lheasly4k@sitemeter.com,971 Continental Terrace,6 Village Green Circle
Betsy,Beecraft,bbeecraft4l@dedecms.com,2 Ilene Crossing,8 Maple Point
Zitella,Blancowe,zblancowe4m@ucla.edu,30069 Bartillon Alley,89 Elmside Center
Gail,Wilkinson,gwilkinson4n@exblog.jp,80 Eggendart Terrace,53160 Center Court
Milt,Dabernott,mdabernott4o@freewebs.com,0 Waywood Crossing,92281 Warner Point
Dara,Moxon,dmoxon4p@sbwire.com,6 Crest Line Center,14 Randy Junction
Findlay,Eblein,feblein4q@histats.com,541 Cordelia Place,355 Garrison Junction
Kelsi,Reijmers,kreijmers4r@dailymotion.com,6837 Scofield Place,4 Hauk Street
Helenelizabeth,Syder,hsyder4s@narod.ru,8 Everett Trail,64413 Dakota Road
Shane,Fasham,sfasham4t@ycombinator.com,4374 Anthes Parkway,8 Columbus Park
Lu,Selvey,lselvey4u@technorati.com,8615 Riverside Lane,30 Ilene Junction
Randene,Tuminelli,rtuminelli4v@printfriendly.com,21855 Katie Pass,64642 Elmside Lane
Cyndy,Southgate,csouthgate4w@ucsd.edu,4 Cascade Trail,58113 Oxford Plaza
Penn,Cassius,pcassius4x@liveinternet.ru,4784 Reinke Terrace,1843 Weeping Birch Way
Lenora,Morrieson,lmorrieson4y@blinklist.com,8337 Lighthouse Bay Plaza,9 Pierstorff Junction
Britney,Jupp,bjupp4z@mtv.com,011 Schlimgen Center,11598 Westridge Street
Cosetta,Brane,cbrane50@elpais.com,2 Packers Avenue,94730 Roxbury Way
Addie,Allaker,aallaker51@netscape.com,90312 Old Gate Circle,7 Drewry Park
Oran,Pook,opook52@ovh.net,0 Dottie Terrace,4017 Hoffman Court
Kristos,Jolliff,kjolliff53@biglobe.ne.jp,0 Armistice Avenue,1237 Mayer Drive
Cooper,Van Leijs,cvanleijs54@hugedomains.com,9 Morrow Drive,1 Superior Court
Harlin,Blandford,hblandford55@fastcompany.com,951 Coleman Alley,98 Packers Way
Jorgan,Rowatt,jrowatt56@ucoz.com,24 Hovde Point,04154 Westport Plaza
Paulette,Chugg,pchugg57@bbb.org,6658 Briar Crest Pass,11 Menomonie Road
Estella,Piatto,epiatto58@comcast.net,9063 Linden Way,004 Shopko Point
Shana,Meier,smeier59@globo.com,86 Elmside Plaza,389 Pleasure Circle
Kellen,Rivelin,krivelin5a@chron.com,717 Westerfield Plaza,44249 Merrick Pass
Lorita,Delagua,ldelagua5b@istockphoto.com,3512 Almo Drive,60382 Hovde Way
Quintus,Ingles,qingles5c@go.com,9 Porter Way,417 Paget Center
Gloriana,Eborall,geborall5d@google.com.br,1182 Rockefeller Park,65568 Lyons Junction
Calli,Tibbs,ctibbs5e@blogs.com,39 Lighthouse Bay Parkway,3810 Fieldstone Point
Brennan,McVie,bmcvie5f@nyu.edu,691 Dwight Plaza,853 Mallard Way
Win,Bonnet,wbonnet5g@yelp.com,10548 Ridgeview Lane,3539 South Pass
Dulcinea,de Juares,ddejuares5h@gravatar.com,2 Ramsey Place,06257 Thierer Parkway
Krysta,Shaplin,kshaplin5i@quantcast.com,862 Montana Terrace,7230 Shasta Center
Burg,Pomfrey,bpomfrey5j@surveymonkey.com,9 Holmberg Drive,51850 Manitowish Crossing
Tucker,McAlindon,tmcalindon5k@cisco.com,01 Shelley Drive,4938 Barby Pass
Elmer,Fawdrie,efawdrie5l@networksolutions.com,23200 Lerdahl Trail,83 Huxley Court
Niel,O'Callaghan,nocallaghan5m@newsvine.com,21391 Muir Plaza,34 Calypso Center
Carlie,Tranfield,ctranfield5n@bloglines.com,04 Independence Street,6 North Park
Joey,Painter,jpainter5o@tinypic.com,5 School Crossing,08822 Center Point
Jobie,Peschet,jpeschet5p@google.it,6 Helena Junction,48520 Main Street
Ivette,Kleinerman,ikleinerman5q@pbs.org,1413 Caliangt Hill,6532 Lakewood Gardens Street
Guillermo,Blakeston,gblakeston5r@youtu.be,2 Calypso Circle,40905 Talmadge Alley
Annabal,Wildey,awildey5s@google.ca,67481 Judy Plaza,02 Roxbury Plaza
Kaye,Geldeford,kgeldeford5t@boston.com,6 Dexter Center,599 Granby Plaza
Itch,Crunden,icrunden5u@skyrock.com,00 Northland Lane,5 Transport Pass
Blancha,Stritton,bstritton5v@de.vu,3277 Hermina Point,57 Bartillon Junction
Theodosia,Marke,tmarke5w@photobucket.com,235 Corscot Street,20837 Hooker Circle
Alissa,Twigley,atwigley5x@google.cn,9 Marquette Hill,31613 Manufacturers Center
Huntley,McGrory,hmcgrory5y@blogs.com,6 Kedzie Court,4814 Algoma Center
Wilhelm,Gent,wgent5z@oakley.com,21500 American Alley,53653 Eggendart Lane
Joellyn,Urling,jurling60@t-online.de,09 Superior Alley,5338 Delladonna Court
Kareem,De Gowe,kdegowe61@uol.com.br,39029 Monica Pass,85148 Westend Junction
Tonye,Trahearn,ttrahearn62@zdnet.com,4 Morning Terrace,1 Weeping Birch Park
Rolando,Alyukin,ralyukin63@free.fr,59 Loftsgordon Junction,09 Roxbury Alley
Korrie,Shields,kshields64@comsenz.com,9 Nelson Circle,051 Bunker Hill Circle
Britney,Von Gladbach,bvongladbach65@umich.edu,302 Arkansas Alley,93642 Mandrake Court
Eddie,Bonifas,ebonifas66@baidu.com,977 Harbort Way,65028 Colorado Center
Allis,Dachey,adachey67@cdbaby.com,192 Crescent Oaks Hill,092 Grim Hill
Maggee,Merlin,mmerlin68@delicious.com,4 Jackson Drive,9002 Magdeline Street
Nerti,Pawlicki,npawlicki69@tripadvisor.com,8 3rd Hill,196 Anthes Pass
Carver,Elford,celford6a@epa.gov,48937 Scott Crossing,69 Oriole Circle
Stan,Cherry,scherry6b@deviantart.com,38 Rowland Avenue,92 Ronald Regan Terrace
L;urette,Petters,lpetters6c@a8.net,12740 Schurz Center,288 Maywood Hill
Desdemona,Brunker,dbrunker6d@tripadvisor.com,59 Dapin Drive,9 Meadow Vale Hill
Giralda,Radke,gradke6e@theatlantic.com,99167 Green Crossing,60090 Express Way
Witty,Sheryne,wsheryne6f@skype.com,00 Lukken Park,4158 La Follette Junction
Skyler,Norewood,snorewood6g@cornell.edu,39024 Sutteridge Park,0683 Tennyson Drive
Merrill,Sowten,msowten6h@theatlantic.com,4384 Spaight Way,75572 Bowman Court
Alena,Fomichkin,afomichkin6i@cpanel.net,23 Grover Center,17418 North Lane
Horace,Oslar,hoslar6j@scientificamerican.com,4528 Muir Place,268 Alpine Way
Lorenza,Mellings,lmellings6k@mac.com,6 Milwaukee Place,6 Almo Circle
Shannon,Crowdson,scrowdson6l@google.ru,08900 North Park,8833 Twin Pines Circle
Xylia,Hanlin,xhanlin6m@histats.com,6 Graedel Park,3 Merrick Street
Garold,Puddan,gpuddan6n@ehow.com,3701 Browning Center,1989 Namekagon Pass
Cyndi,Codrington,ccodrington6o@desdev.cn,58149 Bashford Lane,46855 Longview Street
Zahara,Champneys,zchampneys6p@columbia.edu,831 Delladonna Way,55 Superior Street
Ynes,Eddington,yeddington6q@dropbox.com,23 Corscot Trail,76376 Bartillon Plaza
Alvera,Fucher,afucher6r@noaa.gov,3 Canary Way,66 Vera Center
Janka,Griffoen,jgriffoen6s@craigslist.org,33 Division Pass,81363 Butternut Lane
Opaline,Pharoah,opharoah6t@webeden.co.uk,3 West Court,872 Lien Avenue
Otis,Shortall,oshortall6u@barnesandnoble.com,8 Hintze Park,51 Washington Trail
Ronny,Innis,rinnis6v@flickr.com,391 Petterle Point,00 Mallory Plaza
Linnea,Raye,lraye6w@reference.com,97609 Granby Way,9 Cherokee Drive
Antonetta,Bromage,abromage6x@devhub.com,0 Ridgeview Point,708 Brentwood Terrace
